Model,Accuracy,Precision,Recall,F1-Score,Topsis Score,Rank
0.8,0.78,0.82,0.65,2,0.44799877487148604,3.0
0.75,0.8,0.81,0.72,1,0.40451554672142515,4.0
0.82,0.76,0.79,0.5,4,0.5938451337407692,1.0
0.78,0.79,0.8,0.58,3,0.5731418067182817,2.0
